Apple MacBook Neo,Apple A18 Pro,Apple A18 Pro,36.500,1.230,13.000,2408,1506,3626448,1993.056,5673.733,12838.001,0,0,0,1,0.0000,0.9046,0.0000,0.2174,0.3838,0.0292,0.0836,office,low GPU, low CPU, FHD display, compact screen, weak battery, ultralight, integrated GPU, Apple Silicon,https://laplap.tech/device/146
Apple MacBook Pro 14 M5 Pro,Apple M5 Pro,Apple M5 Pro GPU 16-core,72.400,1.600,14.200,3024,1964,5939136,3064.568,20972.009,57409.922,0,0,0,1,0.5654,0.7634,0.2400,0.5412,0.9722,0.2284,0.8557,creative,high GPU, mid CPU, fast single core, 3K display, mid screen, average battery, lightweight, integrated GPU, Apple Silicon, optimized ecosystem,https://laplap.tech/device/145
Apple MacBook Pro 16 M5 Max,Apple M5 Max,Apple M5 Max GPU 40-core,99.600,2.150,16.200,2234,3456,7720704,3115.282,23831.900,110301.042,0,0,0,1,0.9937,0.5534,0.6400,0.7906,1.0000,0.4649,1.0000,creative,high GPU, high CPU, fast single core, 4K+ display, large screen, excellent battery, medium weight, integrated GPU, Apple Silicon, pro display, fast rendering, optimized ecosystem,https://laplap.tech/device/144
Apple MacBook Air 13 M5,Apple M5,Apple M5,53.800,1.230,13.600,1664,2560,4259840,2925.467,11549.929,30677.000,0,0,0,1,0.2724,0.9046,0.1200,0.3061,0.8958,0.1089,0.3801,office,high GPU, mid CPU, 2K display, compact screen, weak battery, ultralight, integrated GPU, Apple Silicon,https://laplap.tech/device/143
Lenovo ThinkPad X9 15p Aura Edition,Intel Core Ultra X7 358H,Intel Arc B390,88.000,1.500,15.300,2880,1800,5184000,2762.000,15328.000,50115.000,1,0,1,0,0.8110,0.8015,0.4600,0.4355,0.8060,0.1958,0.5708,creative,high GPU, mid CPU, fast single core, 2K display, mid screen, good battery, lightweight, workstation GPU, Intel,https://laplap.tech/device/140
ASUS Zenbook Duo (2026),Intel Core Ultra X9 388H,Intel Arc B390,99.000,1.650,14.000,2880,1800,5184000,2959.000,17028.000,55392.000,1,0,1,0,0.9843,0.7443,0.2000,0.4355,0.9142,0.2194,0.6566,creative,high GPU, mid CPU, fast single core, 2K display, mid screen, excellent battery, lightweight, workstation GPU, Intel,https://laplap.tech/device/138
Asus Zenbook S 16,AMD Ryzen AI 9 465,AMD Radeon 880M (tích hợp),83.000,1.500,16.000,2880,1800,5184000,2678.000,13241.000,30513.000,0,1,0,0,0.7323,0.8015,0.6000,0.4355,0.7599,0.1082,0.4655,creative,high GPU, mid CPU, 2K display, large screen, good battery, lightweight, integrated GPU, AMD,https://laplap.tech/device/134
Lenovo ThinkPad P1 Gen 8,Intel Core Ultra 9 285H,NVIDIA RTX Pro 2000,90.000,1.840,16.000,3840,2400,9216000,2597.000,16328.000,102979.000,1,0,1,0,0.8425,0.6718,0.6000,1.0000,0.7154,0.4322,0.6213,creative,high GPU, mid CPU, fast single core, 4K+ display, large screen, excellent battery, medium weight, workstation GPU, Intel, pro display,https://laplap.tech/device/133
ASUS Zenbook 14 OLED,AMD Ryzen AI 7 445,AMD Radeon 840M,75.000,1.200,14.000,1920,1200,2304000,2582.000,10199.000,13624.000,0,1,0,0,0.6063,0.9160,0.2000,0.0323,0.7072,0.0327,0.3120,office,high GPU, low CPU, FHD display, mid screen, good battery, ultralight, integrated GPU, AMD, highly portable,https://laplap.tech/device/131
Acer Predator Triton 14 (2025),Intel Core Ultra 9 288V,RTX 5070 Mobile,76.000,1.597,14.000,2880,1800,5184000,2612.000,9782.000,123246.000,1,0,1,0,0.6220,0.7645,0.2000,0.4355,0.7237,0.5228,0.2909,gaming,high GPU, high CPU, 2K display, mid screen, good battery, lightweight, gaming GPU, Intel, high-end gaming,https://laplap.tech/device/130
Lenovo ThinkPad X1 2-in-1 Gen 10 Aura Edition,Intel Core Ultra 7 255U,Intel Graphics,57.000,1.350,14.000,2880,1880,5414400,2443.000,9806.000,20144.000,0,0,1,0,0.3228,0.8588,0.2000,0.4677,0.6309,0.0618,0.2921,office,high GPU, low CPU, 3K display, mid screen, weak battery, lightweight, integrated GPU, Intel,https://laplap.tech/device/124
Apple MacBook Pro M5,Apple M5,Apple M5,72.400,1.527,14.200,3024,1964,5939136,3045.007,13811.958,36355.028,0,0,0,1,0.5654,0.7912,0.2400,0.5412,0.9614,0.1343,0.4943,creative,high GPU, mid CPU, fast single core, 3K display, mid screen, average battery, lightweight, integrated GPU, Apple Silicon, optimized ecosystem,https://laplap.tech/device/122
HP OmniBook 5 AI 16,Intel Core Ultra 5 225U,Intel Graphics,58.100,1.725,16.000,1920,1200,2304000,2372.000,9846.000,19077.000,0,0,1,0,0.3402,0.7156,0.6000,0.0323,0.5919,0.0571,0.2941,office,high GPU, low CPU, FHD display, large screen, weak battery, lightweight, integrated GPU, Intel,https://laplap.tech/device/121
Gigabyte Gaming A16 (2025),Intel Core i7-13620H,NVIDIA RTX 5060,76.000,2.200,16.000,2560,1600,4096000,2459.000,10731.000,93323.000,1,0,1,0,0.6220,0.5344,0.6000,0.2832,0.6397,0.3890,0.3388,gaming,high GPU, mid CPU, 2K display, large screen, good battery, medium weight, gaming GPU, Intel, high-end gaming,https://laplap.tech/device/120
Lenovo ThinkPad E14 Gen 7,Intel Core Ultra 7 255H,Intel Arc Graphics 140T (tích hợp),64.000,1.340,14.000,1920,1200,2304000,2784.000,11568.000,30677.000,0,0,1,0,0.4331,0.8626,0.2000,0.0323,0.8181,0.1089,0.3810,office,high GPU, mid CPU, FHD display, mid screen, average battery, lightweight, integrated GPU, Intel,https://laplap.tech/device/119
ASUS TUF Gaming F16 (FX608JMR-RV048W),Intel Core i7-14650HX,NVIDIA RTX 5060,92.000,2.267,16.000,1920,1200,2304000,2666.000,15215.000,115821.000,1,0,1,0,0.8740,0.5088,0.6000,0.0323,0.7533,0.4896,0.5651,gaming,high GPU, high CPU, fast single core, FHD display, large screen, excellent battery, medium weight, gaming GPU, Intel, high-end gaming,https://laplap.tech/device/118
ASUS Vivobook S14,AMD Ryzen AI 7 350,AMD Radeon 860M,70.000,1.400,14.000,1920,1200,2304000,2794.000,13228.000,24942.000,0,1,0,0,0.5276,0.8397,0.2000,0.0323,0.8236,0.0833,0.4648,office,high GPU, low CPU, FHD display, mid screen, average battery, lightweight, integrated GPU, AMD,https://laplap.tech/device/117
ASUS Vivobook S14,Qualcomm Snapdragon X X1-26-100,Qualcomm Adreno GPU,70.000,1.400,14.000,1920,1200,2304000,2136.000,10308.000,9620.000,0,0,0,0,0.5276,0.8397,0.2000,0.0323,0.4623,0.0148,0.3175,office,mid GPU, low CPU, FHD display, mid screen, average battery, lightweight, integrated GPU,https://laplap.tech/device/116
ASUS ROG Strix G16,Intel Core Ultra 7 255HX,RTX 5070Ti Mobile,90.000,2.554,16.000,2560,1600,4096000,2909.000,15723.000,159878.000,1,0,1,0,0.8425,0.3992,0.6000,0.2832,0.8867,0.6866,0.5907,gaming,high GPU, high CPU, fast single core, 2K display, large screen, excellent battery, heavy, gaming GPU, Intel, high-end gaming,https://laplap.tech/device/115
ASUS Vivobook S14 OLED M5406KA-PP134WS,AMD Ryzen AI 7 350,AMD Radeon 860M,75.000,1.297,14.000,2560,1600,4096000,2836.000,13019.000,25128.000,0,1,0,0,0.6063,0.8790,0.2000,0.2832,0.8467,0.0841,0.4543,office,high GPU, low CPU, 2K display, mid screen, good battery, lightweight, integrated GPU, AMD, highly portable,https://laplap.tech/device/114
ASUS Expertbook P3,Intel Core i5-13420H,UHD Graphics,63.000,1.795,16.000,2560,1600,4096000,2325.000,9174.000,9749.000,0,0,1,0,0.4173,0.6889,0.6000,0.2832,0.5661,0.0154,0.2602,office,high GPU, low CPU, 2K display, large screen, weak battery, medium weight, integrated GPU, Intel,https://laplap.tech/device/113
Acer Aspire Lite 14,Intel Core i5-1334U,UHD Graphics,58.000,1.450,14.000,1920,1080,2073600,1594.000,5884.000,11437.000,0,0,1,0,0.3386,0.8206,0.2000,0.0000,0.1647,0.0229,0.0942,office,low GPU, low CPU, FHD display, mid screen, weak battery, lightweight, integrated GPU, Intel,https://laplap.tech/device/112
Acer Aspire Lite 16,Intel Core i7-1355U,UHD Graphics,58.000,1.832,16.000,1920,1080,2073600,2538.000,7718.000,13399.000,0,0,1,0,0.3386,0.6748,0.6000,0.0000,0.6830,0.0317,0.1867,office,high GPU, low CPU, FHD display, large screen, weak battery, medium weight, integrated GPU, Intel,https://laplap.tech/device/111
Acer Aspire Go 15,Intel Core i3-N305,UHD Graphics,52.000,1.700,15.600,1920,1080,2073600,1294.000,4018.000,6315.000,0,0,1,0,0.2441,0.7252,0.5200,0.0000,0.0000,0.0000,0.0000,office,FHD display, mid screen, weak battery, lightweight, integrated GPU, Intel,https://laplap.tech/device/110
Acer Aspire 5 15,Intel Core i5-13420H,UHD Graphics,50.000,1.810,15.600,1920,1200,2304000,2314.000,8015.000,45160.000,0,0,1,0,0.2126,0.6832,0.5200,0.0323,0.5600,0.1737,0.2017,office,high GPU, mid CPU, FHD display, mid screen, weak battery, medium weight, integrated GPU, Intel,https://laplap.tech/device/109
Acer Nitro V 15,Intel Core i5-13420H,NVIDIA RTX 5050,76.000,2.137,15.600,1920,1200,2304000,2117.000,6718.000,82546.000,1,0,1,0,0.6220,0.5584,0.5200,0.0323,0.4519,0.3408,0.1363,gaming,mid GPU, mid CPU, FHD display, mid screen, good battery, medium weight, gaming GPU, Intel, mid-range gaming,https://laplap.tech/device/108
Lenovo Legion 7i Gen 10,Intel Core Ultra 9 275HX,RTX 5070 Mobile,84.000,1.959,16.000,2560,1600,4096000,3026.000,19023.000,144125.000,1,0,1,0,0.7480,0.6263,0.6000,0.2832,0.9510,0.6161,0.7573,gaming,high GPU, high CPU, fast single core, 2K display, large screen, good battery, medium weight, gaming GPU, Intel, high-end gaming,https://laplap.tech/device/107
Lenovo Legion 5i Gen 10,Intel Core Ultra 7 255HX,RTX 5070 Mobile,83.000,1.933,15.100,2560,1600,4096000,2887.000,17614.000,147085.000,1,0,1,0,0.7323,0.6363,0.4200,0.2832,0.8747,0.6294,0.6862,gaming,high GPU, high CPU, fast single core, 2K display, mid screen, good battery, medium weight, gaming GPU, Intel, high-end gaming,https://laplap.tech/device/106
ASUS Vivobook S14,Intel Core Ultra 7 255H,Intel Arc Graphics 140T (tích hợp),70.000,1.400,14.000,1920,1200,2304000,2692.000,11560.000,26863.000,0,0,1,0,0.5276,0.8397,0.2000,0.0323,0.7676,0.0919,0.3806,office,high GPU, low CPU, FHD display, mid screen, average battery, lightweight, integrated GPU, Intel,https://laplap.tech/device/105
ASUS Vivobook S14 OLED,AMD Ryzen AI 9 HX 370,AMD Radeon 890M (tích hợp),75.000,1.300,14.000,2880,1800,5184000,2859.000,15066.000,40450.000,0,1,0,0,0.6063,0.8779,0.2000,0.4355,0.8593,0.1526,0.5576,creative,high GPU, mid CPU, fast single core, 2K display, mid screen, good battery, lightweight, integrated GPU, AMD,https://laplap.tech/device/104
Asus TUF A14 (2025),AMD Ryzen AI 7 350,NVIDIA RTX 5060,73.000,1.460,14.000,2560,1600,4096000,2886.000,13752.000,105844.000,1,1,0,0,0.5748,0.8168,0.2000,0.2832,0.8741,0.4450,0.4913,gaming,high GPU, high CPU, fast single core, 2K display, mid screen, average battery, lightweight, gaming GPU, AMD, high-end gaming,https://laplap.tech/device/103
Acer Predator Helios Neo 16 AI 2025,Intel Core Ultra 7 255HX,NVIDIA RTX 5060,90.000,2.440,16.000,2560,1600,4096000,2881.000,16298.000,101639.000,1,0,1,0,0.8425,0.4427,0.6000,0.2832,0.8714,0.4262,0.6198,gaming,high GPU, mid CPU, fast single core, 2K display, large screen, excellent battery, heavy, gaming GPU, Intel, high-end gaming,https://laplap.tech/device/102
HP OmniBook Ultra Flip 2-in-1,Intel Core Ultra 7 256V,Intel Arc 130T (tích hợp),63.000,1.366,14.000,2880,1800,5184000,2646.000,10616.000,28689.000,0,0,1,0,0.4173,0.8527,0.2000,0.4355,0.7423,0.1000,0.3330,office,high GPU, mid CPU, 2K display, mid screen, weak battery, lightweight, integrated GPU, Intel,https://laplap.tech/device/101
Gigabyte Gaming AERO X16 (1VH-93VNC64AH),AMD Ryzen AI 7 350,NVIDIA RTX 5060,76.000,2.026,16.000,2560,1600,4096000,2876.000,13709.000,104334.000,1,1,0,0,0.6220,0.6008,0.6000,0.2832,0.8686,0.4382,0.4891,gaming,high GPU, mid CPU, fast single core, 2K display, large screen, good battery, medium weight, gaming GPU, AMD, high-end gaming,https://laplap.tech/device/94
ASUS TUF Gaming F16 (FX608JPR-RV044W),Intel Core i7-14650HX,NVIDIA RTX 5050,92.000,2.267,16.000,1920,1200,2304000,2597.000,12715.000,83361.000,1,0,1,0,0.8740,0.5088,0.6000,0.0323,0.7154,0.3445,0.4389,gaming,high GPU, mid CPU, FHD display, large screen, excellent battery, medium weight, gaming GPU, Intel, high-end gaming,https://laplap.tech/device/93
ASUS TUF Gaming F16 FX607VU-RL045W,Intel Core 5 210H,NVIDIA RTX 4050,54.000,2.026,16.000,1920,1200,2304000,2597.000,12715.000,83361.000,1,0,1,0,0.2756,0.6008,0.6000,0.0323,0.7154,0.3445,0.4389,gaming,high GPU, mid CPU, FHD display, large screen, weak battery, medium weight, gaming GPU, Intel, high-end gaming,https://laplap.tech/device/92
MSI Titan 18 HX AI A2XW,Intel Core Ultra 9 285HX,NVIDIA RTX 5090 Mobile,99.900,3.600,18.000,3840,2400,9216000,2555.000,17525.000,229988.000,1,0,1,0,0.9984,0.0000,1.0000,1.0000,0.6924,1.0000,0.6817,gaming,high GPU, high CPU, fast single core, 4K+ display, large screen, excellent battery, heavy, gaming GPU, Intel, high-end gaming,https://laplap.tech/device/91
Lenovo ThinkPad X9 14 Aura Edition (Gen 1),Intel Core Ultra 7 258V,Intel Arc Graphics 140V (tích hợp),55.000,1.240,14.000,2880,1800,5184000,2724.000,10879.000,28576.000,0,0,1,0,0.2913,0.9008,0.2000,0.4355,0.7852,0.0995,0.3463,office,high GPU, low CPU, 2K display, mid screen, weak battery, ultralight, integrated GPU, Intel,https://laplap.tech/device/90
Lenovo Yoga Slim 9i Aura Edition,Intel Core Ultra 7 258V,Intel Arc Graphics 140V (tích hợp),75.000,1.230,14.000,3840,2400,9216000,2728.000,11068.000,26934.000,0,0,1,0,0.6063,0.9046,0.2000,1.0000,0.7874,0.0922,0.3558,creative,high GPU, low CPU, 4K+ display, mid screen, good battery, ultralight, integrated GPU, Intel, pro display,https://laplap.tech/device/89
LG gram 16 (2025),Intel Core Ultra 5 226V,Intel Arc Graphics 130V,77.000,1.239,16.000,2560,1600,4096000,2518.000,8980.000,22596.000,0,0,1,0,0.6378,0.9011,0.6000,0.2832,0.6721,0.0728,0.2504,office,high GPU, low CPU, 2K display, large screen, good battery, ultralight, integrated GPU, Intel, highly portable,https://laplap.tech/device/88
Lenovo ThinkPad X1 Carbon Gen 13,Intel Core Ultra 7 258V,Intel Arc Graphics 140V (tích hợp),57.000,0.986,14.000,2880,1800,5184000,2669.000,10838.000,27019.000,0,0,1,0,0.3228,0.9977,0.2000,0.4355,0.7550,0.0926,0.3442,office,high GPU, low CPU, 2K display, mid screen, weak battery, ultralight, integrated GPU, Intel,https://laplap.tech/device/87
ASUS Gaming V16 (V3607),Intel Core 5 210H,Intel Arc graphics GEN 1 (tích hợp),63.000,1.964,16.000,1920,1200,2304000,2426.000,9181.000,73668.000,0,0,1,0,0.4173,0.6244,0.6000,0.0323,0.6215,0.3011,0.2606,office,high GPU, mid CPU, FHD display, large screen, weak battery, medium weight, integrated GPU, Intel,https://laplap.tech/device/86
Lenovo IdeaPad Slim 5 OLED,AMD Ryzen 7 8845HS,AMD Radeon 780M,60.000,1.390,14.000,1920,1200,2304000,2037.000,6852.000,17330.000,0,1,0,0,0.3701,0.8435,0.2000,0.0323,0.4080,0.0492,0.1430,office,low GPU, low CPU, FHD display, mid screen, weak battery, lightweight, integrated GPU, AMD,https://laplap.tech/device/85
HP Omnibook Ultra Flip 14,Intel Core Ultra 9 288V,Intel Arc Graphics 140V (tích hợp),64.000,1.340,14.000,2880,1800,5184000,2847.000,11080.000,30555.000,0,0,1,0,0.4331,0.8626,0.2000,0.4355,0.8527,0.1084,0.3564,office,high GPU, mid CPU, 2K display, mid screen, average battery, lightweight, integrated GPU, Intel,https://laplap.tech/device/84
Asus Vivobook S 14,Intel Core Ultra 7 255H,Intel Arc Graphics 140T (tích hợp),70.000,1.400,14.000,1920,1200,2304000,2733.000,11804.000,28573.000,0,0,1,0,0.5276,0.8397,0.2000,0.0323,0.7901,0.0995,0.3930,office,high GPU, low CPU, FHD display, mid screen, average battery, lightweight, integrated GPU, Intel,https://laplap.tech/device/83
Asus Gaming V16 2025,Intel Core 5 210H,NVIDIA RTX 4050,63.000,1.950,16.000,1920,1200,2304000,2330.000,9410.000,73962.000,1,0,1,0,0.4173,0.6298,0.6000,0.0323,0.5688,0.3024,0.2721,gaming,high GPU, mid CPU, FHD display, large screen, weak battery, medium weight, gaming GPU, Intel, high-end gaming,https://laplap.tech/device/82
Asus ROG Zephyrus G16 (2025),Intel Core Ultra 9 285H,NVIDIA RTX 5090 Mobile,90.000,1.920,16.000,2560,1600,4096000,2818.000,16253.000,189667.000,1,0,1,0,0.8425,0.6412,0.6000,0.2832,0.8368,0.8197,0.6175,gaming,high GPU, high CPU, fast single core, 2K display, large screen, excellent battery, medium weight, gaming GPU, Intel, high-end gaming,https://laplap.tech/device/76
MacBook Pro 16 inch M1 Pro,Apple M1 Pro,Apple M1 Pro,100.000,2.100,16.200,3456,2234,7720704,1691.671,9815.097,31581.212,0,0,0,1,1.0000,0.5725,0.6400,0.7906,0.2183,0.1130,0.2926,creative,low GPU, mid CPU, 4K+ display, large screen, excellent battery, medium weight, integrated GPU, Apple Silicon, pro display, optimized ecosystem,https://laplap.tech/device/75
Apple Macbook Air M4 15 inch,Apple M4,Apple M4,66.500,1.542,15.000,2880,1864,5368320,2665.378,11804.000,27309.902,0,0,0,1,0.4724,0.7855,0.4000,0.4613,0.7530,0.0939,0.3930,office,high GPU, low CPU, 3K display, mid screen, average battery, lightweight, integrated GPU, Apple Silicon,https://laplap.tech/device/73
Apple MacBook Air M4 13 inch,Apple M4,Apple M4,53.800,1.240,13.600,2560,1664,4259840,2691.459,11553.104,26705.088,0,0,0,1,0.2724,0.9008,0.1200,0.3061,0.7673,0.0912,0.3803,office,high GPU, low CPU, 2K display, compact screen, weak battery, ultralight, integrated GPU, Apple Silicon,https://laplap.tech/device/72
Lenovo ThinkPad X9 15 Aura Edition (Gen 1),Intel Core Ultra 7 258V,Intel Arc Graphics 140V (tích hợp),80.000,1.427,15.300,2880,1800,5184000,2720.000,10737.000,28343.000,0,0,1,0,0.6850,0.8294,0.4600,0.4355,0.7830,0.0985,0.3391,creative,high GPU, low CPU, 2K display, mid screen, good battery, lightweight, integrated GPU, Intel,https://laplap.tech/device/71
Gigabyte AORUS Master 16,Intel Core Ultra 9 275HX,RTX 5080 Mobile,99.000,2.494,16.000,2560,1600,4096000,3020.000,19501.000,199925.000,1,0,1,0,0.9843,0.4221,0.6000,0.2832,0.9477,0.8656,0.7814,gaming,high GPU, high CPU, fast single core, 2K display, large screen, excellent battery, heavy, gaming GPU, Intel, high-end gaming,https://laplap.tech/device/70
ACER SWIFT 14 AI SF14-51-53P9,Intel Core Ultra 5 226V,Intel Arc Graphics 130V,65.000,1.261,14.000,2880,1800,5184000,2482.000,9451.000,23756.000,0,0,1,0,0.4488,0.8927,0.2000,0.4355,0.6523,0.0780,0.2742,office,high GPU, low CPU, 2K display, mid screen, average battery, ultralight, integrated GPU, Intel,https://laplap.tech/device/67
Asus Zenbook S 16,AMD Ryzen AI 7 350,AMD Radeon 860M,78.000,1.500,16.000,2880,1800,5184000,2857.000,12351.000,24213.000,0,1,0,0,0.6535,0.8015,0.6000,0.4355,0.8582,0.0800,0.4206,creative,high GPU, low CPU, 2K display, large screen, good battery, lightweight, integrated GPU, AMD,https://laplap.tech/device/65
ThinkPad T14s Gen 6,Qualcomm Snapdragon X Elite X1E 78 100,Qualcomm Adreno GPU,58.000,1.240,14.000,2880,1800,5184000,2401.000,14504.000,20269.000,0,0,0,0,0.3386,0.9008,0.2000,0.4355,0.6078,0.0624,0.5292,office,high GPU, low CPU, fast single core, 2K display, mid screen, weak battery, ultralight, integrated GPU, responsive,https://laplap.tech/device/64
ASUS Vivobook 14 A1407CA-LY008WS,Intel Core Ultra 5 225H,Intel Arc 130T (tích hợp),42.000,1.547,14.000,1920,1200,2304000,2630.000,10843.000,25542.000,0,0,1,0,0.0866,0.7836,0.2000,0.0323,0.7335,0.0860,0.3445,office,high GPU, low CPU, FHD display, mid screen, weak battery, lightweight, integrated GPU, Intel,https://laplap.tech/device/63
ASUS Zenbook 14 OLED (UM3406),AMD Ryzen AI 7 350,AMD Radeon 860M,75.000,1.200,14.000,2880,1800,5184000,2750.000,12058.000,25630.000,0,1,0,0,0.6063,0.9160,0.2000,0.4355,0.7994,0.0864,0.4058,office,high GPU, low CPU, 2K display, mid screen, good battery, ultralight, integrated GPU, AMD, highly portable,https://laplap.tech/device/62
Asus ROG Flow Z13 (2025),AMD Ryzen AI MAX+ 395,AMD Radeon 8060S (tích hợp),70.000,1.200,13.400,2560,1600,4096000,2950.000,19855.000,83206.000,0,1,0,0,0.5276,0.9160,0.0800,0.2832,0.9092,0.3438,0.7993,creative,high GPU, mid CPU, fast single core, 2K display, compact screen, average battery, ultralight, integrated GPU, AMD,https://laplap.tech/device/61
Asus Zenbook 14 OLED UX3405CA,Intel Core Ultra 5 225H,Intel Arc 130T (tích hợp),75.000,1.275,14.000,2880,1800,5184000,2705.000,13348.000,36282.000,0,0,1,0,0.6063,0.8874,0.2000,0.4355,0.7747,0.1340,0.4709,creative,high GPU, mid CPU, fast single core, 2K display, mid screen, good battery, lightweight, integrated GPU, Intel,https://laplap.tech/device/60
Asus Zenbook A14,Qualcomm Snapdragon X X1-26-100,Qualcomm Adreno GPU,75.000,0.980,14.000,1920,1200,2304000,2117.000,9828.000,9509.000,0,0,0,0,0.6063,1.0000,0.2000,0.0323,0.4519,0.0143,0.2932,office,mid GPU, low CPU, FHD display, mid screen, good battery, ultralight, integrated GPU, highly portable,https://laplap.tech/device/59
ROG Zephyrus G14 (2024) GA403,AMD Ryzen 9 8945HS,NVIDIA RTX 4070,73.000,1.483,14.000,2880,1800,5184000,2378.000,11961.000,112761.000,1,1,0,0,0.5748,0.8080,0.2000,0.4355,0.5952,0.4759,0.4009,gaming,high GPU, high CPU, 2K display, mid screen, average battery, lightweight, gaming GPU, AMD, high-end gaming,https://laplap.tech/device/58
Lenovo Legion 7 16IRX9 83FD004MVN,Intel Core i9-14900HX,NVIDIA RTX 4070,100.000,2.274,16.000,3200,2000,6400000,2868.000,17230.000,115600.000,1,0,1,0,1.0000,0.5061,0.6000,0.6057,0.8642,0.4886,0.6668,gaming,high GPU, high CPU, fast single core, 4K+ display, large screen, excellent battery, medium weight, gaming GPU, Intel, high-end gaming,https://laplap.tech/device/57
Lenovo ThinkPad P1 Gen 7,Intel Core Ultra 7 155H,NVIDIA RTX 2000 Ada,90.000,1.820,16.000,3840,2400,9216000,2363.000,12910.000,95515.000,1,0,1,0,0.8425,0.6794,0.6000,1.0000,0.5869,0.3988,0.4488,creative,high GPU, mid CPU, 4K+ display, large screen, excellent battery, medium weight, workstation GPU, Intel, pro display,https://laplap.tech/device/56
HP EliteBook 635 Aero 13.3 inch G11,AMD Ryzen 7 8840HS,AMD Radeon 780M,43.000,1.000,13.300,1920,1200,2304000,2386.000,10512.000,24991.000,0,1,0,0,0.1024,0.9924,0.0600,0.0323,0.5996,0.0835,0.3277,office,high GPU, low CPU, FHD display, compact screen, weak battery, ultralight, integrated GPU, AMD,https://laplap.tech/device/55
Lenovo Yoga Slim 7i Aura Edition,Intel Core Ultra 7 258V,Intel Arc Graphics 140V (tích hợp),70.000,1.536,15.300,2880,1800,5184000,2748.000,10825.000,27120.000,0,0,1,0,0.5276,0.7878,0.4600,0.4355,0.7983,0.0930,0.3435,office,high GPU, low CPU, 2K display, mid screen, average battery, lightweight, integrated GPU, Intel,https://laplap.tech/device/54
Gigabyte AORUS 16X ASG 53VNC54SH,Intel Core i7-14650HX,NVIDIA RTX 4070,99.000,2.343,16.000,2560,1600,4096000,2609.000,14560.000,129836.000,1,0,1,0,0.9843,0.4798,0.6000,0.2832,0.7220,0.5522,0.5321,gaming,high GPU, high CPU, fast single core, 2K display, large screen, excellent battery, heavy, gaming GPU, Intel, high-end gaming,https://laplap.tech/device/45
Apple Macbook Air M1 13 inch,Apple M1,Apple M1,49.900,1.300,13.300,2560,1600,4096000,1707.609,6926.622,14713.375,0,0,0,1,0.2110,0.8779,0.0600,0.2832,0.2271,0.0375,0.1468,office,low GPU, low CPU, 2K display, compact screen, weak battery, lightweight, integrated GPU, Apple Silicon,https://laplap.tech/device/26
Apple MacBook Air M3 13 inch,Apple M3,Apple M3,52.600,1.240,13.600,2560,1664,4259840,2165.483,9410.171,23738.191,0,0,0,1,0.2535,0.9008,0.1200,0.3061,0.4785,0.0779,0.2721,office,mid GPU, low CPU, 2K display, compact screen, weak battery, ultralight, integrated GPU, Apple Silicon,https://laplap.tech/device/21
Apple MacBook Pro M4,Apple M4,Apple M4,72.400,1.527,14.200,3024,1964,5939136,2668.276,11952.473,28538.336,0,0,0,1,0.5654,0.7912,0.2400,0.5412,0.7546,0.0994,0.4004,creative,high GPU, low CPU, 3K display, mid screen, average battery, lightweight, integrated GPU, Apple Silicon, optimized ecosystem,https://laplap.tech/device/8
MacBook Pro 16 inch M4 Max,Apple M4 Max,Apple M4 Max,100.000,2.150,16.000,3456,2234,7720704,2669.000,20930.722,88192.238,0,0,0,1,1.0000,0.5534,0.6000,0.7906,0.7550,0.3661,0.8536,creative,high GPU, mid CPU, fast single core, 4K+ display, large screen, excellent battery, medium weight, integrated GPU, Apple Silicon, pro display, optimized ecosystem,https://laplap.tech/device/7
MacBook Pro 14 inch M4 Pro (base),Apple M4 Pro,Apple M4 Pro,72.400,1.600,14.000,3024,1964,5939136,2745.071,16187.526,45801.859,0,0,0,1,0.5654,0.7634,0.2000,0.5412,0.7967,0.1765,0.6142,creative,high GPU, mid CPU, fast single core, 3K display, mid screen, average battery, lightweight, integrated GPU, Apple Silicon, optimized ecosystem,https://laplap.tech/device/6
Asus TUF Gaming A14 (2024),AMD Ryzen AI 9 HX 370,NVIDIA RTX 4060,72.400,1.400,14.000,2560,1600,4096000,2869.000,15479.000,93537.000,1,1,0,0,0.5654,0.8397,0.2000,0.2832,0.8648,0.3900,0.5784,gaming,high GPU, mid CPU, fast single core, 2K display, mid screen, average battery, lightweight, gaming GPU, AMD, high-end gaming,https://laplap.tech/device/5
Asus Zenbook S 14 OLED,Intel Core Ultra 7 258V,Intel Arc Graphics 140V (tích hợp),72.000,1.200,14.000,2880,1800,5184000,2721.000,10729.000,29164.000,0,0,1,0,0.5591,0.9160,0.2000,0.4355,0.7835,0.1022,0.3387,office,high GPU, mid CPU, 2K display, mid screen, average battery, ultralight, integrated GPU, Intel,https://laplap.tech/device/1
